classification_system,code,code_clean,description,type_cd,source
icd-09-mc,81.51,8151,Total hip replacement,0,
icd-10-mc,0SR901A,0SR901A,"Replacement of Right Hip Joint with Metal Synthetic Substitute, Uncemented, Open Approach",0,
icd-10-mc,0SR901Z,0SR901Z,"Replacement of Right Hip Joint with Metal Synthetic Substitute, Open Approach",0,
icd-10-mc,0SR9029,0SR9029,"Replacement of Right Hip Joint with Metal on Polyethylene Synthetic Substitute, Cemented, Open Approach",0,
icd-10-mc,0SR902A,0SR902A,"Replacement of Right Hip Joint with Metal on Polyethylene Synthetic Substitute, Uncemented, Open Approach",0,
icd-10-mc,0SR902Z,0SR902Z,"Replacement of Right Hip Joint with Metal on Polyethylene Synthetic Substitute, Open Approach",0,
icd-10-mc,0SR9039,0SR9039,"Replacement of Right Hip Joint with Ceramic Synthetic Substitute, Cemented, Open Approach",0,
icd-10-mc,0SR903A,0SR903A,"Replacement of Right Hip Joint with Ceramic Synthetic Substitute, Uncemented, Open Approach",0,
icd-10-mc,0SR903Z,0SR903Z,"Replacement of Right Hip Joint with Ceramic Synthetic Substitute, Open Approach",0,
icd-10-mc,0SR9049,0SR9049,"Replacement of Right Hip Joint with Ceramic on Polyethylene Synthetic Substitute, Cemented, Open Approach",0,
icd-10-mc,0SR904A,0SR904A,"Replacement of Right Hip Joint with Ceramic on Polyethylene Synthetic Substitute, Uncemented, Open Approach",0,
icd-10-mc,0SR904Z,0SR904Z,"Replacement of Right Hip Joint with Ceramic on Polyethylene Synthetic Substitute, Open Approach",0,
icd-10-mc,0SR9069,0SR9069,"Replacement of Right Hip Joint with Oxidized Zirconium on Polyethylene Synthetic Substitute, Cemented, Open Approach",0,
icd-10-mc,0SR906A,0SR906A,"Replacement of Right Hip Joint with Oxidized Zirconium on Polyethylene Synthetic Substitute, Uncemented, Open Approach",0,
icd-10-mc,0SR906Z,0SR906Z,"Replacement of Right Hip Joint with Oxidized Zirconium on Polyethylene Synthetic Substitute, Open Approach",0,
icd-10-mc,0SR90J9,0SR90J9,"Replacement of Right Hip Joint with Synthetic Substitute, Cemented, Open Approach",0,
icd-10-mc,0SR90JA,0SR90JA,"Replacement of Right Hip Joint with Synthetic Substitute, Uncemented, Open Approach",0,
icd-10-mc,0SR90JZ,0SR90JZ,"Replacement of Right Hip Joint with Synthetic Substitute, Open Approach",0,
icd-10-mc,0SRB019,0SRB019,"Replacement of Left Hip Joint with Metal Synthetic Substitute, Cemented, Open Approach",0,
icd-10-mc,0SRB01A,0SRB01A,"Replacement of Left Hip Joint with Metal Synthetic Substitute, Uncemented, Open Approach",0,
icd-10-mc,0SRB01Z,0SRB01Z,"Replacement of Left Hip Joint with Metal Synthetic Substitute, Open Approach",0,
icd-10-mc,0SRB029,0SRB029,"Replacement of Left Hip Joint with Metal on Polyethylene Synthetic Substitute, Cemented, Open Approach",0,
icd-10-mc,0SRB02A,0SRB02A,"Replacement of Left Hip Joint with Metal on Polyethylene Synthetic Substitute, Uncemented, Open Approach",0,
icd-10-mc,0SRB02Z,0SRB02Z,"Replacement of Left Hip Joint with Metal on Polyethylene Synthetic Substitute, Open Approach",0,
icd-10-mc,0SRB039,0SRB039,"Replacement of Left Hip Joint with Ceramic Synthetic Substitute, Cemented, Open Approach",0,
icd-10-mc,0SRB03A,0SRB03A,"Replacement of Left Hip Joint with Ceramic Synthetic Substitute, Uncemented, Open Approach",0,
icd-10-mc,0SRB03Z,0SRB03Z,"Replacement of Left Hip Joint with Ceramic Synthetic Substitute, Open Approach",0,
icd-10-mc,0SRB049,0SRB049,"Replacement of Left Hip Joint with Ceramic on Polyethylene Synthetic Substitute, Cemented, Open Approach",0,
icd-10-mc,0SRB04A,0SRB04A,"Replacement of Left Hip Joint with Ceramic on Polyethylene Synthetic Substitute, Uncemented, Open Approach",0,
icd-10-mc,0SRB04Z,0SRB04Z,"Replacement of Left Hip Joint with Ceramic on Polyethylene Synthetic Substitute, Open Approach",0,
icd-10-mc,0SRB069,0SRB069,"Replacement of Left Hip Joint with Oxidized Zirconium on Polyethylene Synthetic Substitute, Cemented, Open Approach",0,
icd-10-mc,0SRB06A,0SRB06A,"Replacement of Left Hip Joint with Oxidized Zirconium on Polyethylene Synthetic Substitute, Uncemented, Open Approach",0,
icd-10-mc,0SRB06Z,0SRB06Z,"Replacement of Left Hip Joint with Oxidized Zirconium on Polyethylene Synthetic Substitute, Open Approach",0,
icd-10-mc,0SRB0J9,0SRB0J9,"Replacement of Left Hip Joint with Synthetic Substitute, Cemented, Open Approach",0,
icd-10-mc,0SRB0JA,0SRB0JA,"Replacement of Left Hip Joint with Synthetic Substitute, Uncemented, Open Approach",0,
icd-10-mc,0SRB0JZ,0SRB0JZ,"Replacement of Left Hip Joint with Synthetic Substitute, Open Approach",0,
icd-09-mc,81.52,8152,Partial hip replacement,1,
icd-10-mc,0SRR019,0SRR019,"Replacement of Right Hip Joint, Femoral Surface with Metal Synthetic Substitute, Cemented, Open Approach",1,
icd-10-mc,0SRR01A,0SRR01A,"Replacement of Right Hip Joint, Femoral Surface with Metal Synthetic Substitute, Uncemented, Open Approach",1,
icd-10-mc,0SRR01Z,0SRR01Z,"Replacement of Right Hip Joint, Femoral Surface with Metal Synthetic Substitute, Open Approach",1,
icd-10-mc,0SRR039,0SRR039,"Replacement of Right Hip Joint, Femoral Surface with Ceramic Synthetic Substitute, Cemented, Open Approach",1,
icd-10-mc,0SRR03A,0SRR03A,"Replacement of Right Hip Joint, Femoral Surface with Ceramic Synthetic Substitute, Uncemented, Open Approach",1,
icd-10-mc,0SRR03Z,0SRR03Z,"Replacement of Right Hip Joint, Femoral Surface with Ceramic Synthetic Substitute, Open Approach",1,
icd-10-mc,0SRR07Z,0SRR07Z,"Replacement of Right Hip Joint, Femoral Surface with Autologous Tissue Substitute, Open Approach",1,
icd-10-mc,0SRR0J9,0SRR0J9,"Replacement of Right Hip Joint, Femoral Surface with Synthetic Substitute, Cemented, Open Approach",1,
icd-10-mc,0SRR0JA,0SRR0JA,"Replacement of Right Hip Joint, Femoral Surface with Synthetic Substitute, Uncemented, Open Approach",1,
icd-10-mc,0SRR0JZ,0SRR0JZ,"Replacement of Right Hip Joint, Femoral Surface with Synthetic Substitute, Open Approach",1,
icd-10-mc,0SRR0KZ,0SRR0KZ,"Replacement of Right Hip Joint, Femoral Surface with Nonautologous Tissue Substitute, Open Approach",1,
icd-10-mc,0SRS019,0SRS019,"Replacement of Left Hip Joint, Femoral Surface with Metal Synthetic Substitute, Cemented, Open Approach",1,
icd-10-mc,0SRS01A,0SRS01A,"Replacement of Left Hip Joint, Femoral Surface with Metal Synthetic Substitute, Uncemented, Open Approach",1,
icd-10-mc,0SRS01Z,0SRS01Z,"Replacement of Left Hip Joint, Femoral Surface with Metal Synthetic Substitute, Open Approach",1,
icd-10-mc,0SRS039,0SRS039,"Replacement of Left Hip Joint, Femoral Surface with Ceramic Synthetic Substitute, Cemented, Open Approach",1,
icd-10-mc,0SRS03A,0SRS03A,"Replacement of Left Hip Joint, Femoral Surface with Ceramic Synthetic Substitute, Uncemented, Open Approach",1,
icd-10-mc,0SRS03Z,0SRS03Z,"Replacement of Left Hip Joint, Femoral Surface with Ceramic Synthetic Substitute, Open Approach",1,
icd-10-mc,0SRS07Z,0SRS07Z,"Replacement of Left Hip Joint, Femoral Surface with Autologous Tissue Substitute, Open Approach",1,
icd-10-mc,0SRS0J9,0SRS0J9,"Replacement of Left Hip Joint, Femoral Surface with Synthetic Substitute, Cemented, Open Approach",1,
icd-10-mc,0SRS0JA,0SRS0JA,"Replacement of Left Hip Joint, Femoral Surface with Synthetic Substitute, Uncemented, Open Approach",1,
icd-10-mc,0SRS0JZ,0SRS0JZ,"Replacement of Left Hip Joint, Femoral Surface with Synthetic Substitute, Open Approach",1,
icd-10-mc,0SRS0KZ,0SRS0KZ,"Replacement of Left Hip Joint, Femoral Surface with Nonautologous Tissue Substitute, Open Approach",1,
icd-09-mc,78.55,7855,"Internal fixation of bone without fracture reduction, femur",2,
icd-09-mc,79.05,7905,"Closed reduction of fracture without internal fixation, femur",2,
icd-09-mc,79.15,7915,"Closed reduction of fracture with internal fixation, femur",2,
icd-09-mc,79.25,7925,"Open reduction of fracture without internal fixation, femur",2,
icd-09-mc,79.35,7935,"Open reduction of fracture with internal fixation, femur",2,
icd-10-mc,0QH604Z,0QH604Z,"Insertion of Internal Fixtion Device into right Upper Femur, Open Approach",2,
icd-10-mc,0QH606Z,0QH606Z,"Insertion of Intramedullary Internal Fixation Device into right Upper Femur, Open Approach",2,
icd-10-mc,0QH634Z,0QH634Z,"Insertion of Internal Fixation Device into right Upper Femur, Percutaneous Approach",2,
icd-10-mc,0QH636Z,0QH636Z,"Insertion of Intramedullary Internal Fixation Device into right Upper Femur, Percutaneous Approach",2,
icd-10-mc,0QH644Z,0QH644Z,"Insertion of Internal Fixation Device into right Upper Femur, Percutaneous Endoscopic Approach",2,
icd-10-mc,0QH646Z,0QH646Z,"Insertion of Intramedullary Internal Fixation Device into right Upper Femur, Percutaneous Endoscopic Approach",2,
icd-10-mc,0QH704Z,0QH704Z,"Insertion of Internal Fixtion Device into Left Upper Femur, Open Approach",2,
icd-10-mc,0QH706Z,0QH706Z,"Insertion of Intramedullary Internal Fixation Device into Left Upper Femur, Open Approach",2,
icd-10-mc,0QH734Z,0QH734Z,"Insertion of Internal Fixation Device into Left Upper Femur, Percutaneous Approach",2,
icd-10-mc,0QH736Z,0QH736Z,"Insertion of Intramedullary Internal Fixation Device into Left Upper Femur, Percutaneous Approach",2,
icd-10-mc,0QH744Z,0QH744Z,"Insertion of Internal Fixation Device into Left Upper Femur, Percutaneous Endoscopic Approach",2,
icd-10-mc,0QH746Z,0QH746Z,"Insertion of Intramedullary Internal Fixation Device into Left Upper Femur, Percutaneous Endoscopic Approach",2,
icd-10-mc,0QH804Z,0QH804Z,"Insertion of Internal Fixtion Device into right femoral shaft, Open Approach",2,
icd-10-mc,0QH806Z,0QH806Z,"Insertion of Intramedullary Internal Fixation Device into right femoral shaft, Open Approach",2,
icd-10-mc,0QH834Z,0QH834Z,"Insertion of Internal Fixation Device into right femoral shaft, Percutaneous Approach",2,
icd-10-mc,0QH836Z,0QH836Z,"Insertion of Intramedullary Internal Fixation Device into right femoral shaft, Percutaneous Approach",2,
icd-10-mc,0QH844Z,0QH844Z,"Insertion of Internal Fixation Device into right femoral shaft, Percutaneous Endoscopic Approach",2,
icd-10-mc,0QH846Z,0QH846Z,"Insertion of Intramedullary Internal Fixation Device into right femoral shaft, Percutaneous Endoscopic Approach",2,
icd-10-mc,0QH904Z,0QH904Z,"Insertion of Internal Fixtion Device into Left femoral shaft, Open Approach",2,
icd-10-mc,0QH906Z,0QH906Z,"Insertion of Intramedullary Internal Fixation Device into Left femoral shaft, Open Approach",2,
icd-10-mc,0QH934Z,0QH934Z,"Insertion of Internal Fixation Device into Left femoral shaft, Percutaneous Approach",2,
icd-10-mc,0QH936Z,0QH936Z,"Insertion of Intramedullary Internal Fixation Device into Left femoral shaft, Percutaneous Approach",2,
icd-10-mc,0QH944Z,0QH944Z,"Insertion of Internal Fixation Device into Left femoral shaft, Percutaneous Endoscopic Approach",2,
icd-10-mc,0QH946Z,0QH946Z,"Insertion of Intramedullary Internal Fixation Device into Left femoral shaft, Percutaneous Endoscopic Approach",2,
icd-10-mc,0QS604Z,0QS604Z,"Reposition Right Upper Femur with Internal Fixation Device, Open Approach",2,
icd-10-mc,0QS606Z,0QS606Z,"Reposition Right Upper Femur with Intramedullary Internal Fixation Device, Open Approach",2,
icd-10-mc,0QS634Z,0QS634Z,"Reposition Right Upper Femur with Internal Fixation Device, Percutaneous Approach",2,
icd-10-mc,0QS636Z,0QS636Z,"RepositionRight Upper Femur with Intramedullary Internal Fixation Device, Percutaneous Approach",2,
icd-10-mc,0QS644Z,0QS644Z,"RepositionRight Upper Femur with Internal Fixation Device, Percutaneous Endoscopic Approach",2,
icd-10-mc,0QS646Z,0QS646Z,"Reposition Right Upper Femur with Intramedullary Internal Fixation Device, Percutaneous Endoscopic Approach",2,
icd-10-mc,0QS704Z,0QS704Z,"Reposition Left Upper Femur with Internal Fixation Device, Open Approach",2,
icd-10-mc,0QS706Z,0QS706Z,"Reposition Left Upper Femur with Intramedullary Internal Fixation Device, Open Approach",2,
icd-10-mc,0QS734Z,0QS734Z,"Reposition Left Upper Femur with Internal Fixation Device, Percutaneous Approach",2,
icd-10-mc,0QS736Z,0QS736Z,"Reposition Left Upper Femur with Intramedullary Internal Fixation Device, Percutaneous Approach",2,
icd-10-mc,0QS744Z,0QS744Z,"Reposition Left Upper Femur with Internal Fixation Device, Percutaneous Endoscopic Approach",2,
icd-10-mc,0QS746Z,0QS746Z,"Reposition Left Upper Femur with Intramedullary Internal Fixation Device, Percutaneous Endoscopic Approach",2,
icd-10-mc,0QS804Z,0QS804Z,"Reposition right Femoral Shaft with Internal Fixation Device, Open Approach",2,
icd-10-mc,0QS806Z,0QS806Z,"Reposition right Femoral Shaft with Intramedullary Internal Fixation Device, Open Approach",2,
icd-10-mc,0QS834Z,0QS834Z,"Reposition right Femoral Shaft with Internal Fixation Device, Percutaneous Approach",2,
icd-10-mc,0QS836Z,0QS836Z,"Reposition right Femoral Shaft with Intramedullary Internal Fixation Device, Percutaneous Approach",2,
icd-10-mc,0QS844Z,0QS844Z,"Reposition right Femoral Shaft with Internal Fixation Device, Percutaneous Endoscopic Approach",2,
icd-10-mc,0QS846Z,0QS846Z,"Reposition right Femoral Shaft with Intramedullary Internal Fixation Device, Percutaneous Endoscopic Approach",2,
icd-10-mc,0QS904Z,0QS904Z,"Reposition Left Femoral Shaft with Internal Fixation Device, Open Approach",2,
icd-10-mc,0QS906Z,0QS906Z,"Reposition Left Femoral Shaft with Intramedullary Internal Fixation Device, Open Approach",2,
icd-10-mc,0QS934Z,0QS934Z,"Reposition Left Femoral Shaft with Internal Fixation Device, Percutaneous Approach",2,
icd-10-mc,0QS936Z,0QS936Z,"Reposition Left Femoral Shaft with Intramedullary Internal Fixation Device, Percutaneous Approach",2,
icd-10-mc,0QS944Z,0QS944Z,"Reposition Left Femoral Shaft with Internal Fixation Device, Percutaneous Endoscopic Approach",2,
icd-10-mc,0QS946Z,0QS946Z,"Reposition Left Femoral Shaft with Intramedullary Internal Fixation Device, Percutaneous Endoscopic Approach",2,
icd-10-mc,0SH904Z,0SH904Z,"Insertion of Internal Fixation Device into Right Hip Joint, Open Approach",2,
icd-10-mc,0SH934Z,0SH934Z,"Insertion of Internal Fixation Device into Right Hip Joint, Percutaneous Approach",2,
icd-10-mc,0SH944Z,0SH944Z,"Insertion of Internal Fixation Device into Right Hip Joint, Percutaneous Endoscopic Approach",2,
icd-10-mc,0SHB04Z,0SHB04Z,"Insertion of Internal Fixation Device into Left Hip Joint, Open Approach",2,
icd-10-mc,0SHB34Z,0SHB34Z,"Insertion of Internal Fixation Device into Left Hip Joint, Percutaneous Approach",2,
icd-10-mc,0SHB44Z,0SHB44Z,"Insertion of Internal Fixation Device into Left Hip Joint, Percutaneous Endoscopic Approach",2,
icd-09-mc,00.85,0085,"Resurfacing hip, total, acetabulum and femoral head",3,
icd-09-mc,78.15,7815,"Application of external fixator device, femur",3,
icd-09-mc,79.75,7975,Closed reduction of dislocation of hip,3,
icd-09-mc,80.05,8005,"Arthrotomy for removal of prosthesis without replacement, hip",3,
icd-09-mc,80.15,8015,"Other arthrotomy, hip",3,
icd-09-mc,80.25,8025,"Arthroscopy, hip",3,
icd-09-mc,80.35,8035,"Biopsy of joint structure, hip",3,
icd-09-mc,80.45,8045,"Division of joint capsule, ligament, or cartilage, hip",3,
icd-09-mc,80.75,8075,"Synovectomy, hip",3,
icd-09-mc,80.80,8080,"Other local excision or destruction of lesion of joint, unspecified site",3,
icd-09-mc,80.85,8085,"Other local excision or destruction of lesion of joint, hip",3,
icd-09-mc,80.95,8095,"Other excision of joint, hip",3,
icd-09-mc,81.21,8121,Arthrodesis of hip,3,
icd-09-mc,81.40,8140,"Repair of hip, not elsewhere classified",3,
icd-09-mc,81.53,8153,"Revision of hip replacement, not otherwise specified",3,
icd-09-mc,81.91,8191,Arthrocentesis,3,
icd-09-mc,81.96,8196,Other repair of joint,3,
icd-09-mc,81.98,8198,Other diagnostic procedures on joint structures,3,
icd-09-mc,84.54,8454,Implantation of other internal limb lengthening device,3,
icd-09-mc,84.57,8457,Removal of (cement) spacer,3,
icd-09-mc,84.71,8471,"Application of external fixator device, monoplanar system",3,
icd-09-mc,84.72,8472,"Application of external fixator device, ring system",3,
icd-09-mc,84.73,8473,Application of hybrid external fixator device,3,
icd-09-mc,89.39,8939,Other nonoperative measurements and examinations,3,
icd-09-mc,93.26,9326,Manual rupture of joint adhesions,3,
icd-09-mc,97.88,9788,Removal of external immobilization device,3,
icd-09-mc,97.89,9789,Removal of other therapeutic device,3,
icd-09-mc,99.99,9999,Other miscellaneous procedures,3,
icd-10-mc,0QH608Z,0QH608Z,"Insertion of Limb Lengthening External Fixation Device into Right Upper Femur, Open Approach",3,
icd-10-mc,0QH60BZ,0QH60BZ,"Insertion of Monoplanar External Fixation Device into Right Upper Femur, Open Approach",3,
icd-10-mc,0QH60CZ,0QH60CZ,"Insertion of Ring External Fixation Device into Right Upper Femur, Open Approach",3,
icd-10-mc,0QH60DZ,0QH60DZ,"Insertion of Hybrid External Fixation Device into Right Upper Femur, Open Approach",3,
icd-10-mc,0QH635Z,0QH635Z,"Insertion of External Fixation Device into Right Upper Femur, Percutaneous Approach",3,
icd-10-mc,0QH638Z,0QH638Z,"Insertion of Limb Lengthening External Fixation Device into Right Upper Femur, Percutaneous Approach",3,
icd-10-mc,0QH63BZ,0QH63BZ,"Insertion of Monoplanar External Fixation Device into Right Upper Femur, Percutaneous Approach",3,
icd-10-mc,0QH63CZ,0QH63CZ,"Insertion of Ring External Fixation Device into Right Upper Femur, Percutaneous Approach",3,
icd-10-mc,0QH63DZ,0QH63DZ,"Insertion of Hybrid External Fixation Device into Right Upper Femur, Percutaneous Approach",3,
icd-10-mc,0QH645Z,0QH645Z,"Insertion of External Fixation Device into Right Upper Femur, Percutaneous Endoscopic Approach",3,
icd-10-mc,0QH648Z,0QH648Z,"Insertion of Limb Lengthening External Fixation Device into Right Upper Femur, Percutaneous Endoscopic Approach",3,
icd-10-mc,0QH64BZ,0QH64BZ,"Insertion of Monoplanar External Fixation Device into Right Upper Femur, Percutaneous Endoscopic Approach",3,
icd-10-mc,0QH64CZ,0QH64CZ,"Insertion of Ring External Fixation Device into Right Upper Femur, Percutaneous Endoscopic Approach",3,
icd-10-mc,0QH64DZ,0QH64DZ,"Insertion of Hybrid External Fixation Device into Right Upper Femur, Percutaneous Endoscopic Approach",3,
icd-10-mc,0QH705Z,0QH705Z,"Insertion of External Fixation Device into Left Upper Femur, Open Approach",3,
icd-10-mc,0QH708Z,0QH708Z,"Insertion of Limb Lengthening External Fixation Device into Left Upper Femur, Open Approach",3,
icd-10-mc,0QH70BZ,0QH70BZ,"Insertion of Monoplanar External Fixation Device into Left Upper Femur, Open Approach",3,
icd-10-mc,0QH70CZ,0QH70CZ,"Insertion of Ring External Fixation Device into Left Upper Femur, Open Approach",3,
icd-10-mc,0QH70DZ,0QH70DZ,"Insertion of Hybrid External Fixation Device into Left Upper Femur, Open Approach",3,
icd-10-mc,0QH735Z,0QH735Z,"Insertion of External Fixation Device into Left Upper Femur, Percutaneous Approach",3,
icd-10-mc,0QH738Z,0QH738Z,"Insertion of Limb Lengthening External Fixation Device into Left Upper Femur, Percutaneous Approach",3,
icd-10-mc,0QH73BZ,0QH73BZ,"Insertion of Monoplanar External Fixation Device into Left Upper Femur, Percutaneous Approach",3,
icd-10-mc,0QH73CZ,0QH73CZ,"Insertion of Ring External Fixation Device into Left Upper Femur, Percutaneous Approach",3,
icd-10-mc,0QH73DZ,0QH73DZ,"Insertion of Hybrid External Fixation Device into Left Upper Femur, Percutaneous Approach",3,
icd-10-mc,0QH745Z,0QH745Z,"Insertion of External Fixation Device into Left Upper Femur, Percutaneous Endoscopic Approach",3,
icd-10-mc,0QH748Z,0QH748Z,"Insertion of Limb Lengthening External Fixation Device into Left Upper Femur, Percutaneous Endoscopic Approach",3,
icd-10-mc,0QH74BZ,0QH74BZ,"Insertion of Monoplanar External Fixation Device into Left Upper Femur, Percutaneous Endoscopic Approach",3,
icd-10-mc,0QH74CZ,0QH74CZ,"Insertion of Ring External Fixation Device into Left Upper Femur, Percutaneous Endoscopic Approach",3,
icd-10-mc,0QH74DZ,0QH74DZ,"Insertion of Hybrid External Fixation Device into Left Upper Femur, Percutaneous Endoscopic Approach",3,
icd-10-mc,0QH805Z,0QH805Z,"Insertion of External Fixation Device into Right Femoral Shaft, Open Approach",3,
icd-10-mc,0QH808Z,0QH808Z,"Insertion of Limb Lengthening External Fixation Device into Right Femoral Shaft, Open Approach",3,
icd-10-mc,0QH80BZ,0QH80BZ,"Insertion of Monoplanar External Fixation Device into Right Femoral Shaft, Open Approach",3,
icd-10-mc,0QH80CZ,0QH80CZ,"Insertion of Ring External Fixation Device into Right Femoral Shaft, Open Approach",3,
icd-10-mc,0QH80DZ,0QH80DZ,"Insertion of Hybrid External Fixation Device into Right Femoral Shaft, Open Approach",3,
icd-10-mc,0QH835Z,0QH835Z,"Insertion of External Fixation Device into Right Femoral Shaft, Percutaneous Approach",3,
icd-10-mc,0QH838Z,0QH838Z,"Insertion of Limb Lengthening External Fixation Device into Right Femoral Shaft, Percutaneous Approach",3,
icd-10-mc,0QH83BZ,0QH83BZ,"Insertion of Monoplanar External Fixation Device into Right Femoral Shaft, Percutaneous Approach",3,
icd-10-mc,0QH83CZ,0QH83CZ,"Insertion of Ring External Fixation Device into Right Femoral Shaft, Percutaneous Approach",3,
icd-10-mc,0QH83DZ,0QH83DZ,"Insertion of Hybrid External Fixation Device into Right Femoral Shaft, Percutaneous Approach",3,
icd-10-mc,0QH845Z,0QH845Z,"Insertion of External Fixation Device into Right Femoral Shaft, Percutaneous Endoscopic Approach",3,
icd-10-mc,0QH848Z,0QH848Z,"Insertion of Limb Lengthening External Fixation Device into Right Femoral Shaft, Percutaneous Endoscopic Approach",3,
icd-10-mc,0QH84BZ,0QH84BZ,"Insertion of Monoplanar External Fixation Device into Right Femoral Shaft, Percutaneous Endoscopic Approach",3,
icd-10-mc,0QH84CZ,0QH84CZ,"Insertion of Ring External Fixation Device into Right Femoral Shaft, Percutaneous Endoscopic Approach",3,
icd-10-mc,0QH84DZ,0QH84DZ,"Insertion of Hybrid External Fixation Device into Right Femoral Shaft, Percutaneous Endoscopic Approach",3,
icd-10-mc,0QH905Z,0QH905Z,"Insertion of External Fixation Device into Left Femoral Shaft, Open Approach",3,
icd-10-mc,0QH908Z,0QH908Z,"Insertion of Limb Lengthening External Fixation Device into Left Femoral Shaft, Open Approach",3,
icd-10-mc,0QH90BZ,0QH90BZ,"Insertion of Monoplanar External Fixation Device into Left Femoral Shaft, Open Approach",3,
icd-10-mc,0QH90CZ,0QH90CZ,"Insertion of Ring External Fixation Device into Left Femoral Shaft, Open Approach",3,
icd-10-mc,0QH90DZ,0QH90DZ,"Insertion of Hybrid External Fixation Device into Left Femoral Shaft, Open Approach",3,
icd-10-mc,0QH935Z,0QH935Z,"Insertion of External Fixation Device into Left Femoral Shaft, Percutaneous Approach",3,
icd-10-mc,0QH938Z,0QH938Z,"Insertion of Limb Lengthening External Fixation Device into Left Femoral Shaft, Percutaneous Approach",3,
icd-10-mc,0QH93BZ,0QH93BZ,"Insertion of Monoplanar External Fixation Device into Left Femoral Shaft, Percutaneous Approach",3,
icd-10-mc,0QH93CZ,0QH93CZ,"Insertion of Ring External Fixation Device into Left Femoral Shaft, Percutaneous Approach",3,
icd-10-mc,0QH93DZ,0QH93DZ,"Insertion of Hybrid External Fixation Device into Left Femoral Shaft, Percutaneous Approach",3,
icd-10-mc,0QH945Z,0QH945Z,"Insertion of External Fixation Device into Left Femoral Shaft, Percutaneous Endoscopic Approach",3,
icd-10-mc,0QH948Z,0QH948Z,"Insertion of Limb Lengthening External Fixation Device into Left Femoral Shaft, Percutaneous Endoscopic Approach",3,
icd-10-mc,0QH94BZ,0QH94BZ,"Insertion of Monoplanar External Fixation Device into Left Femoral Shaft, Percutaneous Endoscopic Approach",3,
icd-10-mc,0QH94CZ,0QH94CZ,"Insertion of Ring External Fixation Device into Left Femoral Shaft, Percutaneous Endoscopic Approach",3,
icd-10-mc,0QH94DZ,0QH94DZ,"Insertion of Hybrid External Fixation Device into Left Femoral Shaft, Percutaneous Endoscopic Approach",3,
icd-10-mc,0QS605Z,0QS605Z,"Reposition Right Upper Femur with External Fixation Device, Open Approach",3,
icd-10-mc,0QS60BZ,0QS60BZ,"Reposition Right Upper Femur with Monoplanar External Fixation Device, Open Approach",3,
icd-10-mc,0QS60CZ,0QS60CZ,"Reposition Right Upper Femur with Ring External Fixation Device, Open Approach",3,
icd-10-mc,0QS60DZ,0QS60DZ,"Reposition Right Upper Femur with Hybrid External Fixation Device, Open Approach",3,
icd-10-mc,0QS60ZZ,0QS60ZZ,"Reposition Right Upper Femur, Open Approach",3,
icd-10-mc,0QS635Z,0QS635Z,"Reposition Right Upper Femur with External Fixation Device, Percutaneous Approach",3,
icd-10-mc,0QS63BZ,0QS63BZ,"Reposition Right Upper Femur with Monoplanar External Fixation Device, Percutaneous Approach",3,
icd-10-mc,0QS63CZ,0QS63CZ,"Reposition Right Upper Femur with Ring External Fixation Device, Percutaneous Approach",3,
icd-10-mc,0QS63DZ,0QS63DZ,"Reposition Right Upper Femur with Hybrid External Fixation Device, Percutaneous Approach",3,
icd-10-mc,0QS63ZZ,0QS63ZZ,"Reposition Right Upper Femur, Percutaneous Approach",3,
icd-10-mc,0QS645Z,0QS645Z,"Reposition Right Upper Femur with External Fixation Device, Percutaneous Endoscopic Approach",3,
icd-10-mc,0QS64BZ,0QS64BZ,"Reposition Right Upper Femur with Monoplanar External Fixation Device, Percutaneous Endoscopic Approach",3,
icd-10-mc,0QS64CZ,0QS64CZ,"Reposition Right Upper Femur with Ring External Fixation Device, Percutaneous Endoscopic Approach",3,
icd-10-mc,0QS64DZ,0QS64DZ,"Reposition Right Upper Femur with Hybrid External Fixation Device, Percutaneous Endoscopic Approach",3,
icd-10-mc,0QS64ZZ,0QS64ZZ,"Reposition Right Upper Femur, Percutaneous Endoscopic Approach",3,
icd-10-mc,0QS6XZZ,0QS6XZZ,"Reposition Right Upper Femur, External Approach",3,
icd-10-mc,0QS705Z,0QS705Z,"Reposition Left Upper Femur with External Fixation Device, Open Approach",3,
icd-10-mc,0QS70BZ,0QS70BZ,"Reposition Left Upper Femur with Monoplanar External Fixation Device, Open Approach",3,
icd-10-mc,0QS70CZ,0QS70CZ,"Reposition Left Upper Femur with Ring External Fixation Device, Open Approach",3,
icd-10-mc,0QS70DZ,0QS70DZ,"Reposition Left Upper Femur with Hybrid External Fixation Device, Open Approach",3,
icd-10-mc,0QS70ZZ,0QS70ZZ,"Reposition Left Upper Femur, Open Approach",3,
icd-10-mc,0QS735Z,0QS735Z,"Reposition Left Upper Femur with External Fixation Device, Percutaneous Approach",3,
icd-10-mc,0QS73BZ,0QS73BZ,"Reposition Left Upper Femur with Monoplanar External Fixation Device, Percutaneous Approach",3,
icd-10-mc,0QS73CZ,0QS73CZ,"Reposition Left Upper Femur with Ring External Fixation Device, Percutaneous Approach",3,
icd-10-mc,0QS73DZ,0QS73DZ,"Reposition Left Upper Femur with Hybrid External Fixation Device, Percutaneous Approach",3,
icd-10-mc,0QS73ZZ,0QS73ZZ,"Reposition Left Upper Femur, Percutaneous Approach",3,
icd-10-mc,0QS745Z,0QS745Z,"Reposition Left Upper Femur with External Fixation Device, Percutaneous Endoscopic Approach",3,
icd-10-mc,0QS74BZ,0QS74BZ,"Reposition Left Upper Femur with Monoplanar External Fixation Device, Percutaneous Endoscopic Approach",3,
icd-10-mc,0QS74CZ,0QS74CZ,"Reposition Left Upper Femur with Ring External Fixation Device, Percutaneous Endoscopic Approach",3,
icd-10-mc,0QS74DZ,0QS74DZ,"Reposition Left Upper Femur with Hybrid External Fixation Device, Percutaneous Endoscopic Approach",3,
icd-10-mc,0QS74ZZ,0QS74ZZ,"Reposition Left Upper Femur, Percutaneous Endoscopic Approach",3,
icd-10-mc,0QS7XZZ,0QS7XZZ,"Reposition Left Upper Femur, External Approach",3,
icd-10-mc,0QS805Z,0QS805Z,"Reposition Right Femoral Shaft with External Fixation Device, Open Approach",3,
icd-10-mc,0QS80BZ,0QS80BZ,"Reposition Right Femoral Shaft with Monoplanar External Fixation Device, Open Approach",3,
icd-10-mc,0QS80CZ,0QS80CZ,"Reposition Right Femoral Shaft with Ring External Fixation Device, Open Approach",3,
icd-10-mc,0QS80DZ,0QS80DZ,"Reposition Right Femoral Shaft with Hybrid External Fixation Device, Open Approach",3,
icd-10-mc,0QS80ZZ,0QS80ZZ,"Reposition Right Femoral Shaft, Open Approach",3,
icd-10-mc,0QS835Z,0QS835Z,"Reposition Right Femoral Shaft with External Fixation Device, Percutaneous Approach",3,
icd-10-mc,0QS83BZ,0QS83BZ,"Reposition Right Femoral Shaft with Monoplanar External Fixation Device, Percutaneous Approach",3,
icd-10-mc,0QS83CZ,0QS83CZ,"Reposition Right Femoral Shaft with Ring External Fixation Device, Percutaneous Approach",3,
icd-10-mc,0QS83DZ,0QS83DZ,"Reposition Right Femoral Shaft with Hybrid External Fixation Device, Percutaneous Approach",3,
icd-10-mc,0QS83ZZ,0QS83ZZ,"Reposition Right Femoral Shaft, Percutaneous Approach",3,
icd-10-mc,0QS845Z,0QS845Z,"Reposition Right Femoral Shaft with External Fixation Device, Percutaneous Endoscopic Approach",3,
icd-10-mc,0QS84BZ,0QS84BZ,"Reposition Right Femoral Shaft with Monoplanar External Fixation Device, Percutaneous Endoscopic Approach",3,
icd-10-mc,0QS84CZ,0QS84CZ,"Reposition Right Femoral Shaft with Ring External Fixation Device, Percutaneous Endoscopic Approach",3,
icd-10-mc,0QS84DZ,0QS84DZ,"Reposition Right Femoral Shaft with Hybrid External Fixation Device, Percutaneous Endoscopic Approach",3,
icd-10-mc,0QS84ZZ,0QS84ZZ,"Reposition Right Femoral Shaft, Percutaneous Endoscopic Approach",3,
icd-10-mc,0QS8XZZ,0QS8XZZ,"Reposition Right Femoral Shaft, External Approach",3,
icd-10-mc,0QS905Z,0QS905Z,"Reposition Left Femoral Shaft with External Fixation Device, Open Approach",3,
icd-10-mc,0QS90BZ,0QS90BZ,"Reposition Left Femoral Shaft with Monoplanar External Fixation Device, Open Approach",3,
icd-10-mc,0QS90CZ,0QS90CZ,"Reposition Left Femoral Shaft with Ring External Fixation Device, Open Approach",3,
icd-10-mc,0QS90DZ,0QS90DZ,"Reposition Left Femoral Shaft with Hybrid External Fixation Device, Open Approach",3,
icd-10-mc,0QS90ZZ,0QS90ZZ,"Reposition Left Femoral Shaft, Open Approach",3,
icd-10-mc,0QS935Z,0QS935Z,"Reposition Left Femoral Shaft with External Fixation Device, Percutaneous Approach",3,
icd-10-mc,0QS93BZ,0QS93BZ,"Reposition Left Femoral Shaft with Monoplanar External Fixation Device, Percutaneous Approach",3,
icd-10-mc,0QS93CZ,0QS93CZ,"Reposition Left Femoral Shaft with Ring External Fixation Device, Percutaneous Approach",3,
icd-10-mc,0QS93DZ,0QS93DZ,"Reposition Left Femoral Shaft with Hybrid External Fixation Device, Percutaneous Approach",3,
icd-10-mc,0QS93ZZ,0QS93ZZ,"Reposition Left Femoral Shaft, Percutaneous Approach",3,
icd-10-mc,0QS945Z,0QS945Z,"Reposition Left Femoral Shaft with External Fixation Device, Percutaneous Endoscopic Approach",3,
icd-10-mc,0QS94BZ,0QS94BZ,"Reposition Left Femoral Shaft with Monoplanar External Fixation Device, Percutaneous Endoscopic Approach",3,
icd-10-mc,0QS94CZ,0QS94CZ,"Reposition Left Femoral Shaft with Ring External Fixation Device, Percutaneous Endoscopic Approach",3,
icd-10-mc,0QS94DZ,0QS94DZ,"Reposition Left Femoral Shaft with Hybrid External Fixation Device, Percutaneous Endoscopic Approach",3,
icd-10-mc,0QS94ZZ,0QS94ZZ,"Reposition Left Femoral Shaft, Percutaneous Endoscopic Approach",3,
icd-10-mc,0QS9XZZ,0QS9XZZ,"Reposition Left Femoral Shaft, External Approach",3,
icd-10-mc,0S590ZZ,0S590ZZ,"Destruction of Right Hip Joint, Open Approach",3,
icd-10-mc,0S593ZZ,0S593ZZ,"Destruction of Right Hip Joint, Percutaneous Approach",3,
icd-10-mc,0S594ZZ,0S594ZZ,"Destruction of Right Hip Joint, Percutaneous Endoscopic Approach",3,
icd-10-mc,0S5B0ZZ,0S5B0ZZ,"Destruction of Left Hip Joint, Open Approach",3,
icd-10-mc,0S5B3ZZ,0S5B3ZZ,"Destruction of Left Hip Joint, Percutaneous Approach",3,
icd-10-mc,0S5B4ZZ,0S5B4ZZ,"Destruction of Left Hip Joint, Percutaneous Endoscopic Approach",3,
icd-10-mc,0S9900Z,0S9900Z,"Drainage of Right Hip Joint with Drainage Device, Open Approach",3,
icd-10-mc,0S990ZX,0S990ZX,"Drainage of Right Hip Joint, Open Approach, Diagnostic",3,
icd-10-mc,0S990ZZ,0S990ZZ,"Drainage of Right Hip Joint, Open Approach",3,
icd-10-mc,0S9930Z,0S9930Z,"Drainage of Right Hip Joint with Drainage Device, Percutaneous Approach",3,
icd-10-mc,0S993ZX,0S993ZX,"Drainage of Right Hip Joint, Percutaneous Approach, Diagnostic",3,
icd-10-mc,0S993ZZ,0S993ZZ,"Drainage of Right Hip Joint, Percutaneous Approach",3,
icd-10-mc,0S9940Z,0S9940Z,"Drainage of Right Hip Joint with Drainage Device, Percutaneous Endoscopic Approach",3,
icd-10-mc,0S994ZX,0S994ZX,"Drainage of Right Hip Joint, Percutaneous Endoscopic Approach, Diagnostic",3,
icd-10-mc,0S994ZZ,0S994ZZ,"Drainage of Right Hip Joint, Percutaneous Endoscopic Approach",3,
icd-10-mc,0S9B00Z,0S9B00Z,"Drainage of Left Hip Joint with Drainage Device, Open Approach",3,
icd-10-mc,0S9B0ZX,0S9B0ZX,"Drainage of Left Hip Joint, Open Approach, Diagnostic",3,
icd-10-mc,0S9B0ZZ,0S9B0ZZ,"Drainage of Left Hip Joint, Open Approach",3,
icd-10-mc,0S9B30Z,0S9B30Z,"Drainage of Left Hip Joint with Drainage Device, Percutaneous Approach",3,
icd-10-mc,0S9B3ZX,0S9B3ZX,"Drainage of Left Hip Joint, Percutaneous Approach, Diagnostic",3,
icd-10-mc,0S9B3ZZ,0S9B3ZZ,"Drainage of Left Hip Joint, Percutaneous Approach",3,
icd-10-mc,0S9B40Z,0S9B40Z,"Drainage of Left Hip Joint with Drainage Device, Percutaneous Endoscopic Approach",3,
icd-10-mc,0S9B4ZX,0S9B4ZX,"Drainage of Left Hip Joint, Percutaneous Endoscopic Approach, Diagnostic",3,
icd-10-mc,0S9B4ZZ,0S9B4ZZ,"Drainage of Left Hip Joint, Percutaneous Endoscopic Approach",3,
icd-10-mc,0SB90ZX,0SB90ZX,"Excision of Right Hip Joint, Open Approach, Diagnostic",3,
icd-10-mc,0SB90ZZ,0SB90ZZ,"Excision of Right Hip Joint, Open Approach",3,
icd-10-mc,0SB93ZX,0SB93ZX,"Excision of Right Hip Joint, Percutaneous Approach, Diagnostic",3,
icd-10-mc,0SB93ZZ,0SB93ZZ,"Excision of Right Hip Joint, Percutaneous Approach",3,
icd-10-mc,0SB94ZX,0SB94ZX,"Excision of Right Hip Joint, Percutaneous Endoscopic Approach, Diagnostic",3,
icd-10-mc,0SB94ZZ,0SB94ZZ,"Excision of Right Hip Joint, Percutaneous Endoscopic Approach",3,
icd-10-mc,0SBB0ZX,0SBB0ZX,"Excision of Left Hip Joint, Open Approach, Diagnostic",3,
icd-10-mc,0SBB0ZZ,0SBB0ZZ,"Excision of Left Hip Joint, Open Approach",3,
icd-10-mc,0SBB3ZX,0SBB3ZX,"Excision of Left Hip Joint, Percutaneous Approach, Diagnostic",3,
icd-10-mc,0SBB3ZZ,0SBB3ZZ,"Excision of Left Hip Joint, Percutaneous Approach",3,
icd-10-mc,0SBB4ZX,0SBB4ZX,"Excision of Left Hip Joint, Percutaneous Endoscopic Approach, Diagnostic",3,
icd-10-mc,0SBB4ZZ,0SBB4ZZ,"Excision of Left Hip Joint, Percutaneous Endoscopic Approach",3,
icd-10-mc,0SG904Z,0SG904Z,"Fusion of Right Hip Joint with Internal Fixation Device, Open Approach",3,
icd-10-mc,0SG905Z,0SG905Z,"Fusion of Right Hip Joint with External Fixation Device, Open Approach",3,
icd-10-mc,0SG907Z,0SG907Z,"Fusion of Right Hip Joint with Autologous Tissue Substitute, Open Approach",3,
icd-10-mc,0SG90JZ,0SG90JZ,"Fusion of Right Hip Joint with Synthetic Substitute, Open Approach",3,
icd-10-mc,0SG90KZ,0SG90KZ,"Fusion of Right Hip Joint with Nonautologous Tissue Substitute, Open Approach",3,
icd-10-mc,0SG90ZZ,0SG933Z,"Fusion of Right Hip Joint with Sustained Compression Internal Fixation Device, Percutaneous Approach",3,
icd-10-mc,0SG934Z,0SG934Z,"Fusion of Right Hip Joint with Internal Fixation Device, Percutaneous Approach",3,
icd-10-mc,0SG935Z,0SG935Z,"Fusion of Right Hip Joint with External Fixation Device, Percutaneous Approach",3,
icd-10-mc,0SG937Z,0SG937Z,"Fusion of Right Hip Joint with Autologous Tissue Substitute, Percutaneous Approach",3,
icd-10-mc,0SG93JZ,0SG93JZ,"Fusion of Right Hip Joint with Synthetic Substitute, Percutaneous Approach",3,
icd-10-mc,0SG93KZ,0SG93KZ,"Fusion of Right Hip Joint with Nonautologous Tissue Substitute, Percutaneous Approach",3,
icd-10-mc,0SG93ZZ,0SG943Z,"Fusion of Right Hip Joint with Sustained Compression Internal Fixation Device, Percutaneous Endoscopic Approach",3,
icd-10-mc,0SG944Z,0SG944Z,"Fusion of Right Hip Joint with Internal Fixation Device, Percutaneous Endoscopic Approach",3,
icd-10-mc,0SG945Z,0SG945Z,"Fusion of Right Hip Joint with External Fixation Device, Percutaneous Endoscopic Approach",3,
icd-10-mc,0SG947Z,0SG947Z,"Fusion of Right Hip Joint with Autologous Tissue Substitute, Percutaneous Endoscopic Approach",3,
icd-10-mc,0SG94JZ,0SG94JZ,"Fusion of Right Hip Joint with Synthetic Substitute, Percutaneous Endoscopic Approach",3,
icd-10-mc,0SG94KZ,0SG94KZ,"Fusion of Right Hip Joint with Nonautologous Tissue Substitute, Percutaneous Endoscopic Approach",3,
icd-10-mc,0SG94ZZ,0SGB03Z,"Fusion of Left Hip Joint with Sustained Compression Internal Fixation Device, Open Approach",3,
icd-10-mc,0SGB04Z,0SGB04Z,"Fusion of Left Hip Joint with Internal Fixation Device, Open Approach",3,
icd-10-mc,0SGB05Z,0SGB05Z,"Fusion of Left Hip Joint with External Fixation Device, Open Approach",3,
icd-10-mc,0SGB07Z,0SGB07Z,"Fusion of Left Hip Joint with Autologous Tissue Substitute, Open Approach",3,
icd-10-mc,0SGB0JZ,0SGB0JZ,"Fusion of Left Hip Joint with Synthetic Substitute, Open Approach",3,
icd-10-mc,0SGB0KZ,0SGB0KZ,"Fusion of Left Hip Joint with Nonautologous Tissue Substitute, Open Approach",3,
icd-10-mc,0SGB0ZZ,0SGB33Z,"Fusion of Left Hip Joint with Sustained Compression Internal Fixation Device, Percutaneous Approach",3,
icd-10-mc,0SGB34Z,0SGB34Z,"Fusion of Left Hip Joint with Internal Fixation Device, Percutaneous Approach",3,
icd-10-mc,0SGB35Z,0SGB35Z,"Fusion of Left Hip Joint with External Fixation Device, Percutaneous Approach",3,
icd-10-mc,0SGB37Z,0SGB37Z,"Fusion of Left Hip Joint with Autologous Tissue Substitute, Percutaneous Approach",3,
icd-10-mc,0SGB3JZ,0SGB3JZ,"Fusion of Left Hip Joint with Synthetic Substitute, Percutaneous Approach",3,
icd-10-mc,0SGB3KZ,0SGB3KZ,"Fusion of Left Hip Joint with Nonautologous Tissue Substitute, Percutaneous Approach",3,
icd-10-mc,0SGB3ZZ,0SGB43Z,"Fusion of Left Hip Joint with Sustained Compression Internal Fixation Device, Percutaneous Endoscopic Approach",3,
icd-10-mc,0SGB44Z,0SGB44Z,"Fusion of Left Hip Joint with Internal Fixation Device, Percutaneous Endoscopic Approach",3,
icd-10-mc,0SGB45Z,0SGB45Z,"Fusion of Left Hip Joint with External Fixation Device, Percutaneous Endoscopic Approach",3,
icd-10-mc,0SGB47Z,0SGB47Z,"Fusion of Left Hip Joint with Autologous Tissue Substitute, Percutaneous Endoscopic Approach",3,
icd-10-mc,0SGB4JZ,0SGB4JZ,"Fusion of Left Hip Joint with Synthetic Substitute, Percutaneous Endoscopic Approach",3,
icd-10-mc,0SGB4KZ,0SGB4KZ,"Fusion of Left Hip Joint with Nonautologous Tissue Substitute, Percutaneous Endoscopic Approach",3,
icd-10-mc,0SH903Z,0SH903Z,"Insertion of Infusion Device into Right Hip Joint, Open Approach",3,
icd-10-mc,0SH905Z,0SH905Z,"Insertion of External Fixation Device into Right Hip Joint, Open Approach",3,
icd-10-mc,0SH908Z,0SH908Z,"Insertion of Spacer into Right Hip Joint, Open Approach",3,
icd-10-mc,0SH933Z,0SH933Z,"Insertion of Infusion Device into Right Hip Joint, Percutaneous Approach",3,
icd-10-mc,0SH935Z,0SH935Z,"Insertion of External Fixation Device into Right Hip Joint, Percutaneous Approach",3,
icd-10-mc,0SH938Z,0SH938Z,"Insertion of Spacer into Right Hip Joint, Percutaneous Approach",3,
icd-10-mc,0SH943Z,0SH943Z,"Insertion of Infusion Device into Right Hip Joint, Percutaneous Endoscopic Approach",3,
icd-10-mc,0SH945Z,0SH945Z,"Insertion of External Fixation Device into Right Hip Joint, Percutaneous Endoscopic Approach",3,
icd-10-mc,0SH948Z,0SH948Z,"Insertion of Spacer into Right Hip Joint, Percutaneous Endoscopic Approach",3,
icd-10-mc,0SHB03Z,0SHB03Z,"Insertion of Infusion Device into Left Hip Joint, Open Approach",3,
icd-10-mc,0SHB05Z,0SHB05Z,"Insertion of External Fixation Device into Left Hip Joint, Open Approach",3,
icd-10-mc,0SHB08Z,0SHB08Z,"Insertion of Spacer into Left Hip Joint, Open Approach",3,
icd-10-mc,0SHB33Z,0SHB33Z,"Insertion of Infusion Device into Left Hip Joint, Percutaneous Approach",3,
icd-10-mc,0SHB35Z,0SHB35Z,"Insertion of External Fixation Device into Left Hip Joint, Percutaneous Approach",3,
icd-10-mc,0SHB38Z,0SHB38Z,"Insertion of Spacer into Left Hip Joint, Percutaneous Approach",3,
icd-10-mc,0SHB43Z,0SHB43Z,"Insertion of Infusion Device into Left Hip Joint, Percutaneous Endoscopic Approach",3,
icd-10-mc,0SHB45Z,0SHB45Z,"Insertion of External Fixation Device into Left Hip Joint, Percutaneous Endoscopic Approach",3,
icd-10-mc,0SHB48Z,0SHB48Z,"Insertion of Spacer into Left Hip Joint, Percutaneous Endoscopic Approach",3,
icd-10-mc,0SJ90ZZ,0SJ90ZZ,"Inspection of Right Hip Joint, Open Approach",3,
icd-10-mc,0SJ93ZZ,0SJ93ZZ,"Inspection of Right Hip Joint, Percutaneous Approach",3,
icd-10-mc,0SJ94ZZ,0SJ94ZZ,"Inspection of Right Hip Joint, Percutaneous Endoscopic Approach",3,
icd-10-mc,0SJ9XZZ,0SJ9XZZ,"Inspection of Right Hip Joint, External Approach",3,
icd-10-mc,0SJB0ZZ,0SJB0ZZ,"Inspection of Left Hip Joint, Open Approach",3,
icd-10-mc,0SJB3ZZ,0SJB3ZZ,"Inspection of Left Hip Joint, Percutaneous Approach",3,
icd-10-mc,0SJB4ZZ,0SJB4ZZ,"Inspection of Left Hip Joint, Percutaneous Endoscopic Approach",3,
icd-10-mc,0SJBXZZ,0SJBXZZ,"Inspection of Left Hip Joint, External Approach",3,
icd-10-mc,0SN90ZZ,0SN90ZZ,"Release Right Hip Joint, Open Approach",3,
icd-10-mc,0SN93ZZ,0SN93ZZ,"Release Right Hip Joint, Percutaneous Approach",3,
icd-10-mc,0SN94ZZ,0SN94ZZ,"Release Right Hip Joint, Percutaneous Endoscopic Approach",3,
icd-10-mc,0SN9XZZ,0SN9XZZ,"Release Right Hip Joint, External Approach",3,
icd-10-mc,0SNB0ZZ,0SNB0ZZ,"Release Left Hip Joint, Open Approach",3,
icd-10-mc,0SNB3ZZ,0SNB3ZZ,"Release Left Hip Joint, Percutaneous Approach",3,
icd-10-mc,0SNB4ZZ,0SNB4ZZ,"Release Left Hip Joint, Percutaneous Endoscopic Approach",3,
icd-10-mc,0SNBXZZ,0SNBXZZ,"Release Left Hip Joint, External Approach",3,
icd-10-mc,0SP900Z,0SP900Z,"Removal of Drainage Device from Right Hip Joint, Open Approach",3,
icd-10-mc,0SP903Z,0SP903Z,"Removal of Infusion Device from Right Hip Joint, Open Approach",3,
icd-10-mc,0SP904Z,0SP904Z,"Removal of Internal Fixation Device from Right Hip Joint, Open Approach",3,
icd-10-mc,0SP905Z,0SP905Z,"Removal of External Fixation Device from Right Hip Joint, Open Approach",3,
icd-10-mc,0SP907Z,0SP907Z,"Removal of Autologous Tissue Substitute from Right Hip Joint, Open Approach",3,
icd-10-mc,0SP908Z,0SP908Z,"Removal of Spacer from Right Hip Joint, Open Approach",3,
icd-10-mc,0SP909Z,0SP909Z,"Removal of Liner from Right Hip Joint, Open Approach",3,
icd-10-mc,0SP90BZ,0SP90BZ,"Removal of Resurfacing Device from Right Hip Joint, Open Approach",3,
icd-10-mc,0SP90JZ,0SP90JZ,"Removal of Synthetic Substitute from Right Hip Joint, Open Approach",3,
icd-10-mc,0SP90KZ,0SP90KZ,"Removal of Nonautologous Tissue Substitute from Right Hip Joint, Open Approach",3,
icd-10-mc,0SP930Z,0SP930Z,"Removal of Drainage Device from Right Hip Joint, Percutaneous Approach",3,
icd-10-mc,0SP933Z,0SP933Z,"Removal of Infusion Device from Right Hip Joint, Percutaneous Approach",3,
icd-10-mc,0SP934Z,0SP934Z,"Removal of Internal Fixation Device from Right Hip Joint, Percutaneous Approach",3,
icd-10-mc,0SP935Z,0SP935Z,"Removal of External Fixation Device from Right Hip Joint, Percutaneous Approach",3,
icd-10-mc,0SP937Z,0SP937Z,"Removal of Autologous Tissue Substitute from Right Hip Joint, Percutaneous Approach",3,
icd-10-mc,0SP938Z,0SP938Z,"Removal of Spacer from Right Hip Joint, Percutaneous Approach",3,
icd-10-mc,0SP93JZ,0SP93JZ,"Removal of Synthetic Substitute from Right Hip Joint, Percutaneous Approach",3,
icd-10-mc,0SP93KZ,0SP93KZ,"Removal of Nonautologous Tissue Substitute from Right Hip Joint, Percutaneous Approach",3,
icd-10-mc,0SP940Z,0SP940Z,"Removal of Drainage Device from Right Hip Joint, Percutaneous Endoscopic Approach",3,
icd-10-mc,0SP943Z,0SP943Z,"Removal of Infusion Device from Right Hip Joint, Percutaneous Endoscopic Approach",3,
icd-10-mc,0SP944Z,0SP944Z,"Removal of Internal Fixation Device from Right Hip Joint, Percutaneous Endoscopic Approach",3,
icd-10-mc,0SP945Z,0SP945Z,"Removal of External Fixation Device from Right Hip Joint, Percutaneous Endoscopic Approach",3,
icd-10-mc,0SP947Z,0SP947Z,"Removal of Autologous Tissue Substitute from Right Hip Joint, Percutaneous Endoscopic Approach",3,
icd-10-mc,0SP948Z,0SP948Z,"Removal of Spacer from Right Hip Joint, Percutaneous Endoscopic Approach",3,
icd-10-mc,0SP94JZ,0SP94JZ,"Removal of Synthetic Substitute from Right Hip Joint, Percutaneous Endoscopic Approach",3,
icd-10-mc,0SP94KZ,0SP94KZ,"Removal of Nonautologous Tissue Substitute from Right Hip Joint, Percutaneous Endoscopic Approach",3,
icd-10-mc,0SP9X0Z,0SP9X0Z,"Removal of Drainage Device from Right Hip Joint, External Approach",3,
icd-10-mc,0SP9X3Z,0SP9X3Z,"Removal of Infusion Device from Right Hip Joint, External Approach",3,
icd-10-mc,0SP9X4Z,0SP9X4Z,"Removal of Internal Fixation Device from Right Hip Joint, External Approach",3,
icd-10-mc,0SP9X5Z,0SP9X5Z,"Removal of External Fixation Device from Right Hip Joint, External Approach",3,
icd-10-mc,0SPB00Z,0SPB00Z,"Removal of Drainage Device from Left Hip Joint, Open Approach",3,
icd-10-mc,0SPB03Z,0SPB03Z,"Removal of Infusion Device from Left Hip Joint, Open Approach",3,
icd-10-mc,0SPB04Z,0SPB04Z,"Removal of Internal Fixation Device from Left Hip Joint, Open Approach",3,
icd-10-mc,0SPB05Z,0SPB05Z,"Removal of External Fixation Device from Left Hip Joint, Open Approach",3,
icd-10-mc,0SPB07Z,0SPB07Z,"Removal of Autologous Tissue Substitute from Left Hip Joint, Open Approach",3,
icd-10-mc,0SPB08Z,0SPB08Z,"Removal of Spacer from Left Hip Joint, Open Approach",3,
icd-10-mc,0SPB09Z,0SPB09Z,"Removal of Liner from Left Hip Joint, Open Approach",3,
icd-10-mc,0SPB0BZ,0SPB0BZ,"Removal of Resurfacing Device from Left Hip Joint, Open Approach",3,
icd-10-mc,0SPB0JZ,0SPB0JZ,"Removal of Synthetic Substitute from Left Hip Joint, Open Approach",3,
icd-10-mc,0SPB0KZ,0SPB0KZ,"Removal of Nonautologous Tissue Substitute from Left Hip Joint, Open Approach",3,
icd-10-mc,0SPB30Z,0SPB30Z,"Removal of Drainage Device from Left Hip Joint, Percutaneous Approach",3,
icd-10-mc,0SPB33Z,0SPB33Z,"Removal of Infusion Device from Left Hip Joint, Percutaneous Approach",3,
icd-10-mc,0SPB34Z,0SPB34Z,"Removal of Internal Fixation Device from Left Hip Joint, Percutaneous Approach",3,
icd-10-mc,0SPB35Z,0SPB35Z,"Removal of External Fixation Device from Left Hip Joint, Percutaneous Approach",3,
icd-10-mc,0SPB37Z,0SPB37Z,"Removal of Autologous Tissue Substitute from Left Hip Joint, Percutaneous Approach",3,
icd-10-mc,0SPB38Z,0SPB38Z,"Removal of Spacer from Left Hip Joint, Percutaneous Approach",3,
icd-10-mc,0SPB3JZ,0SPB3JZ,"Removal of Synthetic Substitute from Left Hip Joint, Percutaneous Approach",3,
icd-10-mc,0SPB3KZ,0SPB3KZ,"Removal of Nonautologous Tissue Substitute from Left Hip Joint, Percutaneous Approach",3,
icd-10-mc,0SPB40Z,0SPB40Z,"Removal of Drainage Device from Left Hip Joint, Percutaneous Endoscopic Approach",3,
icd-10-mc,0SPB43Z,0SPB43Z,"Removal of Infusion Device from Left Hip Joint, Percutaneous Endoscopic Approach",3,
icd-10-mc,0SPB44Z,0SPB44Z,"Removal of Internal Fixation Device from Left Hip Joint, Percutaneous Endoscopic Approach",3,
icd-10-mc,0SPB45Z,0SPB45Z,"Removal of External Fixation Device from Left Hip Joint, Percutaneous Endoscopic Approach",3,
icd-10-mc,0SPB47Z,0SPB47Z,"Removal of Autologous Tissue Substitute from Left Hip Joint, Percutaneous Endoscopic Approach",3,
icd-10-mc,0SPB48Z,0SPB48Z,"Removal of Spacer from Left Hip Joint, Percutaneous Endoscopic Approach",3,
icd-10-mc,0SPB4JZ,0SPB4JZ,"Removal of Synthetic Substitute from Left Hip Joint, Percutaneous Endoscopic Approach",3,
icd-10-mc,0SPB4KZ,0SPB4KZ,"Removal of Nonautologous Tissue Substitute from Left Hip Joint, Percutaneous Endoscopic Approach",3,
icd-10-mc,0SPBX0Z,0SPBX0Z,"Removal of Drainage Device from Left Hip Joint, External Approach",3,
icd-10-mc,0SPBX3Z,0SPBX3Z,"Removal of Infusion Device from Left Hip Joint, External Approach",3,
icd-10-mc,0SPBX4Z,0SPBX4Z,"Removal of Internal Fixation Device from Left Hip Joint, External Approach",3,
icd-10-mc,0SPBX5Z,0SPBX5Z,"Removal of External Fixation Device from Left Hip Joint, External Approach",3,
icd-10-mc,0SQ90ZZ,0SQ90ZZ,"Repair Right Hip Joint, Open Approach",3,
icd-10-mc,0SQ93ZZ,0SQ93ZZ,"Repair Right Hip Joint, Percutaneous Approach",3,
icd-10-mc,0SQ94ZZ,0SQ94ZZ,"Repair Right Hip Joint, Percutaneous Endoscopic Approach",3,
icd-10-mc,0SQ9XZZ,0SQ9XZZ,"Repair Right Hip Joint, External Approach",3,
icd-10-mc,0SQB0ZZ,0SQB0ZZ,"Repair Left Hip Joint, Open Approach",3,
icd-10-mc,0SQB3ZZ,0SQB3ZZ,"Repair Left Hip Joint, Percutaneous Approach",3,
icd-10-mc,0SQB4ZZ,0SQB4ZZ,"Repair Left Hip Joint, Percutaneous Endoscopic Approach",3,
icd-10-mc,0SQBXZZ,0SQBXZZ,"Repair Left Hip Joint, External Approach",3,
icd-10-mc,0SS904Z,0SS904Z,"Reposition Right Hip Joint with Internal Fixation Device, Open Approach",3,
icd-10-mc,0SS905Z,0SS905Z,"Reposition Right Hip Joint with External Fixation Device, Open Approach",3,
icd-10-mc,0SS90ZZ,0SS90ZZ,"Reposition Right Hip Joint, Open Approach",3,
icd-10-mc,0SS934Z,0SS934Z,"Reposition Right Hip Joint with Internal Fixation Device, Percutaneous Approach",3,
icd-10-mc,0SS935Z,0SS935Z,"Reposition Right Hip Joint with External Fixation Device, Percutaneous Approach",3,
icd-10-mc,0SS93ZZ,0SS93ZZ,"Reposition Right Hip Joint, Percutaneous Approach",3,
icd-10-mc,0SS944Z,0SS944Z,"Reposition Right Hip Joint with Internal Fixation Device, Percutaneous Endoscopic Approach",3,
icd-10-mc,0SS945Z,0SS945Z,"Reposition Right Hip Joint with External Fixation Device, Percutaneous Endoscopic Approach",3,
icd-10-mc,0SS94ZZ,0SS94ZZ,"Reposition Right Hip Joint, Percutaneous Endoscopic Approach",3,
icd-10-mc,0SS9X4Z,0SS9X4Z,"Reposition Right Hip Joint with Internal Fixation Device, External Approach",3,
icd-10-mc,0SS9X5Z,0SS9X5Z,"Reposition Right Hip Joint with External Fixation Device, External Approach",3,
icd-10-mc,0SS9XZZ,0SS9XZZ,"Reposition Right Hip Joint, External Approach",3,
icd-10-mc,0SSB04Z,0SSB04Z,"Reposition Left Hip Joint with Internal Fixation Device, Open Approach",3,
icd-10-mc,0SSB05Z,0SSB05Z,"Reposition Left Hip Joint with External Fixation Device, Open Approach",3,
icd-10-mc,0SSB0ZZ,0SSB0ZZ,"Reposition Left Hip Joint, Open Approach",3,
icd-10-mc,0SSB34Z,0SSB34Z,"Reposition Left Hip Joint with Internal Fixation Device, Percutaneous Approach",3,
icd-10-mc,0SSB35Z,0SSB35Z,"Reposition Left Hip Joint with External Fixation Device, Percutaneous Approach",3,
icd-10-mc,0SSB3ZZ,0SSB3ZZ,"Reposition Left Hip Joint, Percutaneous Approach",3,
icd-10-mc,0SSB44Z,0SSB44Z,"Reposition Left Hip Joint with Internal Fixation Device, Percutaneous Endoscopic Approach",3,
icd-10-mc,0SSB45Z,0SSB45Z,"Reposition Left Hip Joint with External Fixation Device, Percutaneous Endoscopic Approach",3,
icd-10-mc,0SSB4ZZ,0SSB4ZZ,"Reposition Left Hip Joint, Percutaneous Endoscopic Approach",3,
icd-10-mc,0SSBX4Z,0SSBX4Z,"Reposition Left Hip Joint with Internal Fixation Device, External Approach",3,
icd-10-mc,0SSBX5Z,0SSBX5Z,"Reposition Left Hip Joint with External Fixation Device, External Approach",3,
icd-10-mc,0SSBXZZ,0SSBXZZ,"Reposition Left Hip Joint, External Approach",3,
icd-10-mc,0ST90ZZ,0ST90ZZ,"Resection of Right Hip Joint, Open Approach",3,
icd-10-mc,0STB0ZZ,0STB0ZZ,"Resection of Left Hip Joint, Open Approach",3,
icd-10-mc,0SU907Z,0SU907Z,"Supplement Right Hip Joint with Autologous Tissue Substitute, Open Approach",3,
icd-10-mc,0SU909Z,0SU909Z,"Supplement Right Hip Joint with Liner, Open Approach",3,
icd-10-mc,0SU90BZ,0SU90BZ,"Supplement Right Hip Joint with Resurfacing Device, Open Approach",3,
icd-10-mc,0SU90JZ,0SU90JZ,"Supplement Right Hip Joint with Synthetic Substitute, Open Approach",3,
icd-10-mc,0SU90KZ,0SU90KZ,"Supplement Right Hip Joint with Nonautologous Tissue Substitute, Open Approach",3,
icd-10-mc,0SU937Z,0SU937Z,"Supplement Right Hip Joint with Autologous Tissue Substitute, Percutaneous Approach",3,
icd-10-mc,0SU93JZ,0SU93JZ,"Supplement Right Hip Joint with Synthetic Substitute, Percutaneous Approach",3,
icd-10-mc,0SU93KZ,0SU93KZ,"Supplement Right Hip Joint with Nonautologous Tissue Substitute, Percutaneous Approach",3,
icd-10-mc,0SU947Z,0SU947Z,"Supplement Right Hip Joint with Autologous Tissue Substitute, Percutaneous Endoscopic Approach",3,
icd-10-mc,0SU94JZ,0SU94JZ,"Supplement Right Hip Joint with Synthetic Substitute, Percutaneous Endoscopic Approach",3,
icd-10-mc,0SU94KZ,0SU94KZ,"Supplement Right Hip Joint with Nonautologous Tissue Substitute, Percutaneous Endoscopic Approach",3,
icd-10-mc,0SUB07Z,0SUB07Z,"Supplement Left Hip Joint with Autologous Tissue Substitute, Open Approach",3,
icd-10-mc,0SUB09Z,0SUB09Z,"Supplement Left Hip Joint with Liner, Open Approach",3,
icd-10-mc,0SUB0BZ,0SUB0BZ,"Supplement Left Hip Joint with Resurfacing Device, Open Approach",3,
icd-10-mc,0SUB0JZ,0SUB0JZ,"Supplement Left Hip Joint with Synthetic Substitute, Open Approach",3,
icd-10-mc,0SUB0KZ,0SUB0KZ,"Supplement Left Hip Joint with Nonautologous Tissue Substitute, Open Approach",3,
icd-10-mc,0SUB37Z,0SUB37Z,"Supplement Left Hip Joint with Autologous Tissue Substitute, Percutaneous Approach",3,
icd-10-mc,0SUB3JZ,0SUB3JZ,"Supplement Left Hip Joint with Synthetic Substitute, Percutaneous Approach",3,
icd-10-mc,0SUB3KZ,0SUB3KZ,"Supplement Left Hip Joint with Nonautologous Tissue Substitute, Percutaneous Approach",3,
icd-10-mc,0SUB47Z,0SUB47Z,"Supplement Left Hip Joint with Autologous Tissue Substitute, Percutaneous Endoscopic Approach",3,
icd-10-mc,0SUB4JZ,0SUB4JZ,"Supplement Left Hip Joint with Synthetic Substitute, Percutaneous Endoscopic Approach",3,
icd-10-mc,0SUB4KZ,0SUB4KZ,"Supplement Left Hip Joint with Nonautologous Tissue Substitute, Percutaneous Endoscopic Approach",3,
icd-10-mc,0SW900Z,0SW900Z,"Revision of Drainage Device in Right Hip Joint, Open Approach",3,
icd-10-mc,0SW903Z,0SW903Z,"Revision of Infusion Device in Right Hip Joint, Open Approach",3,
icd-10-mc,0SW904Z,0SW904Z,"Revision of Internal Fixation Device in Right Hip Joint, Open Approach",3,
icd-10-mc,0SW905Z,0SW905Z,"Revision of External Fixation Device in Right Hip Joint, Open Approach",3,
icd-10-mc,0SW907Z,0SW907Z,"Revision of Autologous Tissue Substitute in Right Hip Joint, Open Approach",3,
icd-10-mc,0SW908Z,0SW908Z,"Revision of Spacer in Right Hip Joint, Open Approach",3,
icd-10-mc,0SW909Z,0SW909Z,"Revision of Liner in Right Hip Joint, Open Approach",3,
icd-10-mc,0SW90BZ,0SW90BZ,"Revision of Resurfacing Device in Right Hip Joint, Open Approach",3,
icd-10-mc,0SW90JZ,0SW90JZ,"Revision of Synthetic Substitute in Right Hip Joint, Open Approach",3,
icd-10-mc,0SW90KZ,0SW90KZ,"Revision of Nonautologous Tissue Substitute in Right Hip Joint, Open Approach",3,
icd-10-mc,0SW930Z,0SW930Z,"Revision of Drainage Device in Right Hip Joint, Percutaneous Approach",3,
icd-10-mc,0SW933Z,0SW933Z,"Revision of Infusion Device in Right Hip Joint, Percutaneous Approach",3,
icd-10-mc,0SW934Z,0SW934Z,"Revision of Internal Fixation Device in Right Hip Joint, Percutaneous Approach",3,
icd-10-mc,0SW935Z,0SW935Z,"Revision of External Fixation Device in Right Hip Joint, Percutaneous Approach",3,
icd-10-mc,0SW937Z,0SW937Z,"Revision of Autologous Tissue Substitute in Right Hip Joint, Percutaneous Approach",3,
icd-10-mc,0SW938Z,0SW938Z,"Revision of Spacer in Right Hip Joint, Percutaneous Approach",3,
icd-10-mc,0SW93JZ,0SW93JZ,"Revision of Synthetic Substitute in Right Hip Joint, Percutaneous Approach",3,
icd-10-mc,0SW93KZ,0SW93KZ,"Revision of Nonautologous Tissue Substitute in Right Hip Joint, Percutaneous Approach",3,
icd-10-mc,0SW940Z,0SW940Z,"Revision of Drainage Device in Right Hip Joint, Percutaneous Endoscopic Approach",3,
icd-10-mc,0SW943Z,0SW943Z,"Revision of Infusion Device in Right Hip Joint, Percutaneous Endoscopic Approach",3,
icd-10-mc,0SW944Z,0SW944Z,"Revision of Internal Fixation Device in Right Hip Joint, Percutaneous Endoscopic Approach",3,
icd-10-mc,0SW945Z,0SW945Z,"Revision of External Fixation Device in Right Hip Joint, Percutaneous Endoscopic Approach",3,
icd-10-mc,0SW947Z,0SW947Z,"Revision of Autologous Tissue Substitute in Right Hip Joint, Percutaneous Endoscopic Approach",3,
icd-10-mc,0SW948Z,0SW948Z,"Revision of Spacer in Right Hip Joint, Percutaneous Endoscopic Approach",3,
icd-10-mc,0SW94JZ,0SW94JZ,"Revision of Synthetic Substitute in Right Hip Joint, Percutaneous Endoscopic Approach",3,
icd-10-mc,0SW94KZ,0SW94KZ,"Revision of Nonautologous Tissue Substitute in Right Hip Joint, Percutaneous Endoscopic Approach",3,
icd-10-mc,0SW9X0Z,0SW9X0Z,"Revision of Drainage Device in Right Hip Joint, External Approach",3,
icd-10-mc,0SW9X3Z,0SW9X3Z,"Revision of Infusion Device in Right Hip Joint, External Approach",3,
icd-10-mc,0SW9X4Z,0SW9X4Z,"Revision of Internal Fixation Device in Right Hip Joint, External Approach",3,
icd-10-mc,0SW9X5Z,0SW9X5Z,"Revision of External Fixation Device in Right Hip Joint, External Approach",3,
icd-10-mc,0SW9X7Z,0SW9X7Z,"Revision of Autologous Tissue Substitute in Right Hip Joint, External Approach",3,
icd-10-mc,0SW9X8Z,0SW9X8Z,"Revision of Spacer in Right Hip Joint, External Approach",3,
icd-10-mc,0SW9XJZ,0SW9XJZ,"Revision of Synthetic Substitute in Right Hip Joint, External Approach",3,
icd-10-mc,0SW9XKZ,0SW9XKZ,"Revision of Nonautologous Tissue Substitute in Right Hip Joint, External Approach",3,
icd-10-mc,0SWB00Z,0SWB00Z,"Revision of Drainage Device in Left Hip Joint, Open Approach",3,
icd-10-mc,0SWB03Z,0SWB03Z,"Revision of Infusion Device in Left Hip Joint, Open Approach",3,
icd-10-mc,0SWB04Z,0SWB04Z,"Revision of Internal Fixation Device in Left Hip Joint, Open Approach",3,
icd-10-mc,0SWB05Z,0SWB05Z,"Revision of External Fixation Device in Left Hip Joint, Open Approach",3,
icd-10-mc,0SWB07Z,0SWB07Z,"Revision of Autologous Tissue Substitute in Left Hip Joint, Open Approach",3,
icd-10-mc,0SWB08Z,0SWB08Z,"Revision of Spacer in Left Hip Joint, Open Approach",3,
icd-10-mc,0SWB09Z,0SWB09Z,"Revision of Liner in Left Hip Joint, Open Approach",3,
icd-10-mc,0SWB0BZ,0SWB0BZ,"Revision of Resurfacing Device in Left Hip Joint, Open Approach",3,
icd-10-mc,0SWB0JZ,0SWB0JZ,"Revision of Synthetic Substitute in Left Hip Joint, Open Approach",3,
icd-10-mc,0SWB0KZ,0SWB0KZ,"Revision of Nonautologous Tissue Substitute in Left Hip Joint, Open Approach",3,
icd-10-mc,0SWB30Z,0SWB30Z,"Revision of Drainage Device in Left Hip Joint, Percutaneous Approach",3,
icd-10-mc,0SWB33Z,0SWB33Z,"Revision of Infusion Device in Left Hip Joint, Percutaneous Approach",3,
icd-10-mc,0SWB34Z,0SWB34Z,"Revision of Internal Fixation Device in Left Hip Joint, Percutaneous Approach",3,
icd-10-mc,0SWB35Z,0SWB35Z,"Revision of External Fixation Device in Left Hip Joint, Percutaneous Approach",3,
icd-10-mc,0SWB37Z,0SWB37Z,"Revision of Autologous Tissue Substitute in Left Hip Joint, Percutaneous Approach",3,
icd-10-mc,0SWB38Z,0SWB38Z,"Revision of Spacer in Left Hip Joint, Percutaneous Approach",3,
icd-10-mc,0SWB3JZ,0SWB3JZ,"Revision of Synthetic Substitute in Left Hip Joint, Percutaneous Approach",3,
icd-10-mc,0SWB3KZ,0SWB3KZ,"Revision of Nonautologous Tissue Substitute in Left Hip Joint, Percutaneous Approach",3,
icd-10-mc,0SWB40Z,0SWB40Z,"Revision of Drainage Device in Left Hip Joint, Percutaneous Endoscopic Approach",3,
icd-10-mc,0SWB43Z,0SWB43Z,"Revision of Infusion Device in Left Hip Joint, Percutaneous Endoscopic Approach",3,
icd-10-mc,0SWB44Z,0SWB44Z,"Revision of Internal Fixation Device in Left Hip Joint, Percutaneous Endoscopic Approach",3,
icd-10-mc,0SWB45Z,0SWB45Z,"Revision of External Fixation Device in Left Hip Joint, Percutaneous Endoscopic Approach",3,
icd-10-mc,0SWB47Z,0SWB47Z,"Revision of Autologous Tissue Substitute in Left Hip Joint, Percutaneous Endoscopic Approach",3,
icd-10-mc,0SWB48Z,0SWB48Z,"Revision of Spacer in Left Hip Joint, Percutaneous Endoscopic Approach",3,
icd-10-mc,0SWB4JZ,0SWB4JZ,"Revision of Synthetic Substitute in Left Hip Joint, Percutaneous Endoscopic Approach",3,
icd-10-mc,0SWB4KZ,0SWB4KZ,"Revision of Nonautologous Tissue Substitute in Left Hip Joint, Percutaneous Endoscopic Approach",3,
icd-10-mc,0SWBX0Z,0SWBX0Z,"Revision of Drainage Device in Left Hip Joint, External Approach",3,
icd-10-mc,0SWBX3Z,0SWBX3Z,"Revision of Infusion Device in Left Hip Joint, External Approach",3,
icd-10-mc,0SWBX4Z,0SWBX4Z,"Revision of Internal Fixation Device in Left Hip Joint, External Approach",3,
icd-10-mc,0SWBX5Z,0SWBX5Z,"Revision of External Fixation Device in Left Hip Joint, External Approach",3,
icd-10-mc,0SWBX7Z,0SWBX7Z,"Revision of Autologous Tissue Substitute in Left Hip Joint, External Approach",3,
icd-10-mc,0SWBX8Z,0SWBX8Z,"Revision of Spacer in Left Hip Joint, External Approach",3,
icd-10-mc,0SWBXJZ,0SWBXJZ,"Revision of Synthetic Substitute in Left Hip Joint, External Approach",3,
icd-10-mc,0SWBXKZ,0SWBXKZ,"Revision of Nonautologous Tissue Substitute in Left Hip Joint, External Approach",3,
kva-nomesco,NFB29,NFB29,Primary total hip replacement without cement,0,
kva-nomesco,NFB39,NFB39,Primary total hip arthroplasty with hybrid technique,0,
kva-nomesco,NFB49,NFB49,Primary total hip arthroplasty with cement,0,
kva-nomesco,NFB62,NFB62,Primary total hip replacement with surface replacement prosthesis,0,
kva-nomesco,NFB99,NFB99,Other primary arthroplasty of the hip joint,4,
kva-nomesco,NFC21,NFC21,"Secondary total hip arthroplasty without cement, cup revision",1,
kva-nomesco,NFC22,NFC22,"Secondary total hip arthroplasty without cement, stem revision",1,
kva-nomesco,NFC31,NFC31,"Secondary total hip replacement with hybrid technique, cup revision",1,
kva-nomesco,NFC32,NFC32,"Secondary total hip prosthesis with hybrid technique, stem revision",1,
kva-nomesco,NFC41,NFC41,"Secondary total hip replacement with cement, cup revision",1,
kva-nomesco,NFC42,NFC42,"Secondary total hip arthroplasty with cement, stem revision",1,
kva-nomesco,NFC59,NFC59,Secondary implantation of interposition prosthesis in the hip joint,1,
kva-nomesco,NFC99,NFC99,Other secondary arthroplasty operation of hip joint,1,
kva-nomesco,NFG09,NFG09,Excisional arthroplasty of the hip joint,1,
kva-nomesco,NFG19,NFG19,Interposition arthroplasty of hip joint,1,
kva-nomesco,NFG29,NFG29,Other hip arthroplasty without prosthesis,4,
kva-nomesco,NFG39,NFG39,Arthrodesis of hip joint without fixation material,3,
kva-nomesco,NFG49,NFG49,Arthrodesis of hip joint with internal fixation,3,
kva-nomesco,NFG59,NFG59,Arthrodesis of hip with external fixation,3,
kva-nomesco,NFG99,NFG99,"Other excision, reconstruction or arthrodesis of hip joint",4,
kva-nomesco,NFH20,NFH20,Revision of dislocated hip joint prosthesis - percutaneous or closed,4,
kva-nomesco,NFH21,NFH21,Reduction of dislocated hip joint prosthesis - arthroscopic or endoscopic,4,
kva-nomesco,NFH22,NFH22,Reduction of dislocated hip joint prosthesis - open,4,
